iter	Logloss
0	0.4393645026
1	0.4082739594
2	0.3844161694
3	0.3723700646
4	0.3645330431
5	0.3608307214
6	0.3528684563
7	0.3454499856
8	0.336902843
9	0.3331943572
